application_id,synthetic_profile_id,scheme,policy_version,academic_year,application_type,student_name,student_dob,student_gender,claimed_category,domicile_state,family_income_annum,scenario_tags,notes
APP-0001,SYN-ST-0001,POST_MATRIC,PM-2022,2026-2027,NEW_ADMISSION,Synthetic Student 1,2005-06-02,M,ST,Odisha,122097,VALID_BASELINE,Clean baseline case.
APP-0002,SYN-ST-0002,POST_MATRIC,PM-2022,2026-2027,NEW_ADMISSION,Synthetic Student 2,2005-06-03,M,ST,Odisha,76868,VALID_BASELINE,Clean baseline case.
APP-0003,SYN-ST-0003,POST_MATRIC,PM-2022,2026-2027,NEW_ADMISSION,Synthetic Student 3,2005-06-04,M,ST,Odisha,58331,VALID_BASELINE,Clean baseline case.
APP-0004,SYN-ST-0004,POST_MATRIC,PM-2022,2026-2027,NEW_ADMISSION,Synthetic Student 4,2005-06-05,M,ST,Odisha,110990,VALID_BASELINE,Clean baseline case.
APP-0005,SYN-ST-0005,POST_MATRIC,PM-2022,2026-2027,NEW_ADMISSION,Synthetic Student 5,2005-06-06,M,ST,Odisha,237700,VALID_BASELINE,Clean baseline case.
APP-0006,SYN-ST-0006,POST_MATRIC,PM-2022,2026-2027,NEW_ADMISSION,Synthetic Student 6,2005-06-07,F,ST,Odisha,204472,VALID_BASELINE,Clean baseline case.
APP-0007,SYN-ST-0007,POST_MATRIC,PM-2022,2026-2027,NEW_ADMISSION,Synthetic Student 7,2005-06-08,F,ST,Odisha,51703,VALID_BASELINE,Clean baseline case.
APP-0008,SYN-ST-0008,POST_MATRIC,PM-2022,2026-2027,NEW_ADMISSION,Synthetic Student 8,2005-06-09,M,ST,Odisha,139194,VALID_BASELINE,Clean baseline case.
APP-0009,SYN-ST-0009,POST_MATRIC,PM-2022,2026-2027,NEW_ADMISSION,Synthetic Student 9,2005-06-10,F,ST,Odisha,138236,VALID_BASELINE,Clean baseline case.
APP-0010,SYN-ST-0010,POST_MATRIC,PM-2022,2026-2027,NEW_ADMISSION,Synthetic Student 10,2005-06-11,M,ST,Odisha,75353,VALID_BASELINE,Clean baseline case.
APP-0011,SYN-ST-0011,POST_MATRIC,PM-2022,2026-2027,NEW_ADMISSION,Synthetic Student 11,2005-06-12,F,ST,Odisha,208263,VALID_BASELINE,Clean baseline case.
APP-0012,SYN-ST-0012,POST_MATRIC,PM-2022,2026-2027,NEW_ADMISSION,Synthetic Student 12,2005-06-13,F,ST,Odisha,170435,VALID_BASELINE,Clean baseline case.
APP-0013,SYN-ST-0013,POST_MATRIC,PM-2022,2026-2027,NEW_ADMISSION,Synthetic Student 13,2005-06-14,M,ST,Odisha,149230,VALID_BASELINE,Clean baseline case.
APP-0014,SYN-ST-0014,POST_MATRIC,PM-2022,2026-2027,NEW_ADMISSION,Synthetic Student 14,2005-06-15,M,ST,Odisha,214794,VALID_BASELINE,Clean baseline case.
APP-0015,SYN-ST-0015,POST_MATRIC,PM-2022,2026-2027,NEW_ADMISSION,Synthetic Student 15,2005-06-16,F,ST,Odisha,234699,VALID_BASELINE,Clean baseline case.
APP-0016,SYN-ST-0016,POST_MATRIC,PM-2022,2026-2027,NEW_ADMISSION,Synthetic Student 16,2005-06-17,M,ST,Odisha,109742,VALID_BASELINE,Clean baseline case.
APP-0017,SYN-ST-0017,POST_MATRIC,PM-2022,2026-2027,NEW_ADMISSION,Synthetic Student 17,2005-06-18,F,ST,Odisha,111024,VALID_BASELINE,Clean baseline case.
APP-0018,SYN-ST-0018,POST_MATRIC,PM-2022,2026-2027,NEW_ADMISSION,Synthetic Student 18,2005-06-19,M,ST,Odisha,168858,VALID_BASELINE,Clean baseline case.
APP-0019,SYN-ST-0019,POST_MATRIC,PM-2022,2026-2027,NEW_ADMISSION,Synthetic Student 19,2005-06-20,F,ST,Odisha,143132,VALID_BASELINE,Clean baseline case.
APP-0020,SYN-ST-0020,POST_MATRIC,PM-2022,2026-2027,NEW_ADMISSION,Synthetic Student 20,2005-06-21,M,ST,Odisha,233977,VALID_BASELINE,Clean baseline case.
APP-0021,SYN-ST-0021,POST_MATRIC,PM-2022,2026-2027,NEW_ADMISSION,Synthetic Student 21,2005-06-22,M,ST,Odisha,94862,MISSING_DOCUMENT,Missing DOMICILE_CERTIFICATE.
APP-0022,SYN-ST-0022,POST_MATRIC,PM-2022,2026-2027,NEW_ADMISSION,Synthetic Student 22,2005-06-23,M,ST,Odisha,149471,MISSING_DOCUMENT,Missing MARKSHEET.
APP-0023,SYN-ST-0023,POST_MATRIC,PM-2022,2026-2027,NEW_ADMISSION,Synthetic Student 23,2005-06-24,M,ST,Odisha,64663,MISSING_DOCUMENT,Missing INCOME_CERTIFICATE.
APP-0024,SYN-ST-0024,POST_MATRIC,PM-2022,2026-2027,NEW_ADMISSION,Synthetic Student 24,2005-06-25,M,ST,Odisha,155162,MISSING_DOCUMENT,Missing MARKSHEET.
APP-0025,SYN-ST-0025,POST_MATRIC,PM-2022,2026-2027,NEW_ADMISSION,Synthetic Student 25,2005-06-26,M,ST,Odisha,198682,MISSING_DOCUMENT,Missing DOMICILE_CERTIFICATE.
APP-0026,SYN-ST-0026,POST_MATRIC,PM-2022,2026-2027,NEW_ADMISSION,Synthetic Student 26,2005-06-27,F,ST,Odisha,180870,MISSING_DOCUMENT,Missing MARKSHEET.
APP-0027,SYN-ST-0027,POST_MATRIC,PM-2022,2026-2027,NEW_ADMISSION,Synthetic Student 27,2005-06-28,F,ST,Odisha,86603,MISSING_DOCUMENT,Missing INCOME_CERTIFICATE.
APP-0028,SYN-ST-0028,POST_MATRIC,PM-2022,2026-2027,NEW_ADMISSION,Synthetic Student 28,2005-06-01,F,ST,Odisha,162311,MISSING_DOCUMENT,Missing DOMICILE_CERTIFICATE.
APP-0029,SYN-ST-0029,POST_MATRIC,PM-2022,2026-2027,NEW_ADMISSION,Synthetic Student 29,2005-06-02,F,ST,Odisha,86262,MISSING_DOCUMENT,Missing DOMICILE_CERTIFICATE.
APP-0030,SYN-ST-0030,POST_MATRIC,PM-2022,2026-2027,NEW_ADMISSION,Synthetic Student 30,2005-06-03,F,ST,Odisha,62351,MISSING_DOCUMENT,Missing INCOME_CERTIFICATE.
APP-0031,SYN-ST-0031,POST_MATRIC,PM-2022,2026-2027,NEW_ADMISSION,Synthetic Student 31,2005-06-04,M,ST,Odisha,228384,NAME_MISMATCH,Name in Aadhar differs from Marksheet.
APP-0032,SYN-ST-0032,POST_MATRIC,PM-2022,2026-2027,NEW_ADMISSION,Synthetic Student 32,2005-06-05,F,ST,Odisha,150864,NAME_MISMATCH,Name in Aadhar differs from Marksheet.
APP-0033,SYN-ST-0033,POST_MATRIC,PM-2022,2026-2027,NEW_ADMISSION,Synthetic Student 33,2005-06-06,F,ST,Odisha,172696,NAME_MISMATCH,Name in Aadhar differs from Marksheet.
APP-0034,SYN-ST-0034,POST_MATRIC,PM-2022,2026-2027,NEW_ADMISSION,Synthetic Student 34,2005-06-07,F,ST,Odisha,53009,NAME_MISMATCH,Name in Aadhar differs from Marksheet.
APP-0035,SYN-ST-0035,POST_MATRIC,PM-2022,2026-2027,NEW_ADMISSION,Synthetic Student 35,2005-06-08,M,ST,Odisha,190763,NAME_MISMATCH,Name in Aadhar differs from Marksheet.
APP-0036,SYN-ST-0036,POST_MATRIC,PM-2022,2026-2027,NEW_ADMISSION,Synthetic Student 36,2005-06-09,F,ST,Odisha,139174,NAME_MISMATCH,Name in Aadhar differs from Marksheet.
APP-0037,SYN-ST-0037,POST_MATRIC,PM-2022,2026-2027,NEW_ADMISSION,Synthetic Student 37,2005-06-10,M,ST,Odisha,91460,NAME_MISMATCH,Name in Aadhar differs from Marksheet.
APP-0038,SYN-ST-0038,POST_MATRIC,PM-2022,2026-2027,NEW_ADMISSION,Synthetic Student 38,2005-06-11,F,ST,Odisha,239292,NAME_MISMATCH,Name in Aadhar differs from Marksheet.
APP-0039,SYN-ST-0039,POST_MATRIC,PM-2022,2026-2027,NEW_ADMISSION,Synthetic Student 39,2005-06-12,F,ST,Odisha,96832,NAME_MISMATCH,Name in Aadhar differs from Marksheet.
APP-0040,SYN-ST-0040,POST_MATRIC,PM-2022,2026-2027,NEW_ADMISSION,Synthetic Student 40,2005-06-13,M,ST,Odisha,128235,NAME_MISMATCH,Name in Aadhar differs from Marksheet.
APP-0041,SYN-ST-0041,POST_MATRIC,PM-2022,2026-2027,NEW_ADMISSION,Synthetic Student 41,2005-06-14,M,ST,Odisha,92349,DOB_MISMATCH,DOB in Aadhar differs from ST certificate.
APP-0042,SYN-ST-0042,POST_MATRIC,PM-2022,2026-2027,NEW_ADMISSION,Synthetic Student 42,2005-06-15,M,ST,Odisha,178085,DOB_MISMATCH,DOB in Aadhar differs from ST certificate.
APP-0043,SYN-ST-0043,POST_MATRIC,PM-2022,2026-2027,NEW_ADMISSION,Synthetic Student 43,2005-06-16,M,ST,Odisha,145153,DOB_MISMATCH,DOB in Aadhar differs from ST certificate.
APP-0044,SYN-ST-0044,POST_MATRIC,PM-2022,2026-2027,NEW_ADMISSION,Synthetic Student 44,2005-06-17,F,ST,Odisha,113143,DOB_MISMATCH,DOB in Aadhar differs from ST certificate.
APP-0045,SYN-ST-0045,POST_MATRIC,PM-2022,2026-2027,NEW_ADMISSION,Synthetic Student 45,2005-06-18,M,ST,Odisha,177399,DOB_MISMATCH,DOB in Aadhar differs from ST certificate.
APP-0046,SYN-ST-0046,POST_MATRIC,PM-2022,2026-2027,NEW_ADMISSION,Synthetic Student 46,2005-06-19,M,ST,Odisha,460758,INCOME_ABOVE_LIMIT,Income exceeds Rs 2.5 Lakh limit.
APP-0047,SYN-ST-0047,POST_MATRIC,PM-2022,2026-2027,NEW_ADMISSION,Synthetic Student 47,2005-06-20,M,ST,Odisha,404127,INCOME_ABOVE_LIMIT,Income exceeds Rs 2.5 Lakh limit.
APP-0048,SYN-ST-0048,POST_MATRIC,PM-2022,2026-2027,NEW_ADMISSION,Synthetic Student 48,2005-06-21,M,ST,Odisha,370923,INCOME_ABOVE_LIMIT,Income exceeds Rs 2.5 Lakh limit.
APP-0049,SYN-ST-0049,POST_MATRIC,PM-2022,2026-2027,NEW_ADMISSION,Synthetic Student 49,2005-06-22,M,ST,Odisha,312730,INCOME_ABOVE_LIMIT,Income exceeds Rs 2.5 Lakh limit.
APP-0050,SYN-ST-0050,POST_MATRIC,PM-2022,2026-2027,NEW_ADMISSION,Synthetic Student 50,2005-06-23,F,ST,Odisha,226078,MULTIPLE_INCOME_SOURCE,"Both parents working, combined income within limit."
APP-0051,SYN-ST-0051,POST_MATRIC,PM-2022,2026-2027,NEW_ADMISSION,Synthetic Student 51,2005-06-24,F,ST,Odisha,185679,MULTIPLE_INCOME_SOURCE,"Both parents working, combined income within limit."
APP-0052,SYN-ST-0052,POST_MATRIC,PM-2022,2026-2027,NEW_ADMISSION,Synthetic Student 52,2005-06-25,F,ST,Odisha,0,ORPHAN_INCOME_EXCEPTION,"Orphan supported by guardian, income criteria does not apply."
APP-0053,SYN-ST-0053,POST_MATRIC,PM-2022,2026-2027,NEW_ADMISSION,Synthetic Student 53,2005-06-26,M,ST,Odisha,0,ORPHAN_INCOME_EXCEPTION,"Orphan supported by guardian, income criteria does not apply."
APP-0054,SYN-ST-0054,POST_MATRIC,PM-2022,2026-2027,NEW_ADMISSION,Synthetic Student 54,2005-06-27,M,ST,Odisha,249000,INCOME_WITHIN_LIMIT,Income very close to the limit but valid.
APP-0055,SYN-ST-0055,POST_MATRIC,PM-2022,2026-2027,NEW_ADMISSION,Synthetic Student 55,2005-06-28,M,ST,Odisha,249000,INCOME_WITHIN_LIMIT,Income very close to the limit but valid.
APP-0056,SYN-ST-0056,POST_MATRIC,PM-2022,2026-2027,NEW_ADMISSION,Synthetic Student 56,2005-06-01,M,OBC,Odisha,58234,CATEGORY_ISSUE,Not a Scheduled Tribe applicant.
APP-0057,SYN-ST-0057,POST_MATRIC,PM-2022,2026-2027,NEW_ADMISSION,Synthetic Student 57,2005-06-02,M,General,Odisha,123001,CATEGORY_ISSUE,Not a Scheduled Tribe applicant.
APP-0058,SYN-ST-0058,POST_MATRIC,PM-2022,2026-2027,NEW_ADMISSION,Synthetic Student 58,2005-06-03,F,General,Odisha,84684,CATEGORY_ISSUE,Not a Scheduled Tribe applicant.
APP-0059,SYN-ST-0059,POST_MATRIC,PM-2022,2026-2027,NEW_ADMISSION,Synthetic Student 59,2005-06-04,F,OBC,Odisha,173987,CATEGORY_ISSUE,Not a Scheduled Tribe applicant.
APP-0060,SYN-ST-0060,POST_MATRIC,PM-2022,2026-2027,NEW_ADMISSION,Synthetic Student 60,2005-06-05,M,OBC,Odisha,222748,CATEGORY_ISSUE,Not a Scheduled Tribe applicant.
APP-0061,SYN-ST-0061,POST_MATRIC,PM-2022,2026-2027,NEW_ADMISSION,Synthetic Student 61,2005-06-06,F,ST,Odisha,172427,TOP_CLASS_EXCLUSION,"Studying in a Top Class Institute, excluded from Post-Matric."
APP-0062,SYN-ST-0062,POST_MATRIC,PM-2022,2026-2027,NEW_ADMISSION,Synthetic Student 62,2005-06-07,M,ST,Odisha,219392,TOP_CLASS_EXCLUSION,"Studying in a Top Class Institute, excluded from Post-Matric."
APP-0063,SYN-ST-0063,POST_MATRIC,PM-2022,2026-2027,NEW_ADMISSION,Synthetic Student 63,2005-06-08,M,ST,Odisha,138946,TOP_CLASS_EXCLUSION,"Studying in a Top Class Institute, excluded from Post-Matric."
APP-0064,SYN-ST-0064,POST_MATRIC,PM-2022,2026-2027,NEW_ADMISSION,Synthetic Student 64,2005-06-09,M,ST,Odisha,99862,TOP_CLASS_EXCLUSION,"Studying in a Top Class Institute, excluded from Post-Matric."
APP-0065,SYN-ST-0065,POST_MATRIC,PM-2022,2026-2027,NEW_ADMISSION,Synthetic Student 65,2005-06-10,F,ST,Odisha,98100,COURSE_ISSUE,Applying for lower degree stream after completing higher degree.
APP-0066,SYN-ST-0066,POST_MATRIC,PM-2022,2026-2027,NEW_ADMISSION,Synthetic Student 66,2005-06-11,F,ST,Odisha,69761,COURSE_ISSUE,Applying for lower degree stream after completing higher degree.
APP-0067,SYN-ST-0067,POST_MATRIC,PM-2022,2026-2027,NEW_ADMISSION,Synthetic Student 67,2005-06-12,F,ST,Odisha,194264,COURSE_ISSUE,Applying for lower degree stream after completing higher degree.
APP-0068,SYN-ST-0068,POST_MATRIC,PM-2022,2026-2027,NEW_ADMISSION,Synthetic Student 68,2005-06-13,M,ST,Odisha,191711,OTHER_SCHOLARSHIP,Receiving another state scholarship.
APP-0069,SYN-ST-0069,POST_MATRIC,PM-2022,2026-2027,NEW_ADMISSION,Synthetic Student 69,2005-06-14,M,ST,Odisha,111965,OTHER_SCHOLARSHIP,Receiving another state scholarship.
APP-0070,SYN-ST-0070,POST_MATRIC,PM-2022,2026-2027,NEW_ADMISSION,Synthetic Student 70,2005-06-15,M,ST,Odisha,176185,OTHER_SCHOLARSHIP,Receiving another state scholarship.
APP-0071,SYN-ST-0071,POST_MATRIC,PM-2022,2026-2027,NEW_ADMISSION,Synthetic Student 71,2005-06-16,M,ST,Odisha,300000,MULTIPLE_DEFICIENCIES,Income above limit AND missing ST certificate.
APP-0072,SYN-ST-0072,POST_MATRIC,PM-2022,2026-2027,NEW_ADMISSION,Synthetic Student 72,2005-06-17,M,ST,Odisha,300000,MULTIPLE_DEFICIENCIES,Income above limit AND missing ST certificate.
APP-0073,SYN-ST-0073,POST_MATRIC,PM-2022,2026-2027,NEW_ADMISSION,Synthetic Student 73,2005-06-18,F,ST,Odisha,300000,MULTIPLE_DEFICIENCIES,Income above limit AND missing ST certificate.
APP-0074,SYN-ST-0074,POST_MATRIC,PM-2022,2026-2027,NEW_ADMISSION,Synthetic Student 74,2005-06-19,F,ST,Odisha,300000,MULTIPLE_DEFICIENCIES,Income above limit AND missing ST certificate.
APP-0075,SYN-ST-0075,POST_MATRIC,PM-2022,2026-2027,NEW_ADMISSION,Synthetic Student 75,2005-06-20,F,ST,Odisha,300000,MULTIPLE_DEFICIENCIES,Income above limit AND missing ST certificate.
APP-0076,SYN-ST-0076,POST_MATRIC,PM-2022,2026-2027,NEW_ADMISSION,Synthetic Student 76,2005-06-21,M,ST,Odisha,300000,MULTIPLE_DEFICIENCIES,Income above limit AND missing ST certificate.
APP-0077,SYN-ST-0077,POST_MATRIC,PM-2022,2026-2027,NEW_ADMISSION,Synthetic Student 77,2005-06-22,M,ST,Odisha,300000,MULTIPLE_DEFICIENCIES,Income above limit AND missing ST certificate.
APP-0078,SYN-ST-0078,POST_MATRIC,PM-2022,2026-2027,NEW_ADMISSION,Synthetic Student 78,2005-06-23,M,ST,Odisha,300000,MULTIPLE_DEFICIENCIES,Income above limit AND missing ST certificate.
APP-0079,SYN-ST-0079,POST_MATRIC,PM-2022,2026-2027,NEW_ADMISSION,Synthetic Student 79,2005-06-24,M,ST,Odisha,300000,MULTIPLE_DEFICIENCIES,Income above limit AND missing ST certificate.
APP-0080,SYN-ST-0080,POST_MATRIC,PM-2022,2026-2027,NEW_ADMISSION,Synthetic Student 80,2005-06-25,M,ST,Odisha,300000,MULTIPLE_DEFICIENCIES,Income above limit AND missing ST certificate.
APP-0081,SYN-ST-0081,POST_MATRIC,PM-2022,2026-2027,RENEWAL,Synthetic Student 81,2005-06-26,M,ST,Odisha,111657,RENEWAL_CASE,Renewal case. Income certificate from 1st year remains valid.
APP-0082,SYN-ST-0082,POST_MATRIC,PM-2022,2026-2027,RENEWAL,Synthetic Student 82,2005-06-27,F,ST,Odisha,199336,RENEWAL_CASE,Renewal case. Income certificate from 1st year remains valid.
APP-0083,SYN-ST-0083,POST_MATRIC,PM-2022,2026-2027,RENEWAL,Synthetic Student 83,2005-06-28,M,ST,Odisha,60418,RENEWAL_CASE,Renewal case. Income certificate from 1st year remains valid.
APP-0084,SYN-ST-0084,POST_MATRIC,PM-2022,2026-2027,RENEWAL,Synthetic Student 84,2005-06-01,M,ST,Odisha,203006,RENEWAL_CASE,Renewal case. Income certificate from 1st year remains valid.
APP-0085,SYN-ST-0085,POST_MATRIC,PM-2022,2026-2027,RENEWAL,Synthetic Student 85,2005-06-02,F,ST,Odisha,103545,RENEWAL_CASE,Renewal case. Income certificate from 1st year remains valid.
APP-0086,SYN-ST-0086,POST_MATRIC,PM-2022,2026-2027,NEW_ADMISSION,Synthetic Student 6,2005-06-07,F,ST,Odisha,153752,DUPLICATE_LIKE,Similar to APP-0006 but different ID.
APP-0087,SYN-ST-0087,POST_MATRIC,PM-2022,2026-2027,NEW_ADMISSION,Synthetic Student 7,2005-06-08,M,ST,Odisha,128642,DUPLICATE_LIKE,Similar to APP-0007 but different ID.
APP-0088,SYN-ST-0088,POST_MATRIC,PM-2022,2026-2027,NEW_ADMISSION,Synthetic Student 8,2005-06-09,F,ST,Odisha,69016,DUPLICATE_LIKE,Similar to APP-0008 but different ID.
APP-0089,SYN-ST-0089,POST_MATRIC,PM-2022,2026-2027,NEW_ADMISSION,Synthetic Student 9,2005-06-10,M,ST,Odisha,197585,DUPLICATE_LIKE,Similar to APP-0009 but different ID.
APP-0090,SYN-ST-0090,POST_MATRIC,PM-2022,2026-2027,NEW_ADMISSION,Synthetic Student 10,2005-06-11,M,ST,Odisha,105877,DUPLICATE_LIKE,Similar to APP-0010 but different ID.
APP-0091,SYN-ST-0091,POST_MATRIC,PM-2022,2026-2027,NEW_ADMISSION,Synthetic Student 91,2005-06-08,F,ST,Unknown,141490,AMBIGUOUS_CASE,Unclear domicile proof. Requires state specific rule.
APP-0092,SYN-ST-0092,POST_MATRIC,PM-2022,2026-2027,NEW_ADMISSION,Synthetic Student 92,2005-06-09,M,ST,Odisha,146869,AMBIGUOUS_CASE,Married candidate. Central guideline ambiguous on spousal income.
APP-0093,SYN-ST-0093,POST_MATRIC,PM-2022,2026-2027,NEW_ADMISSION,Synthetic Student 93,2005-06-10,F,ST,Unknown,192401,AMBIGUOUS_CASE,Unclear domicile proof. Requires state specific rule.
APP-0094,SYN-ST-0094,POST_MATRIC,PM-2022,2026-2027,NEW_ADMISSION,Synthetic Student 94,2005-06-11,F,ST,Odisha,221435,AMBIGUOUS_CASE,Married candidate. Central guideline ambiguous on spousal income.
APP-0095,SYN-ST-0095,POST_MATRIC,PM-2022,2026-2027,NEW_ADMISSION,Synthetic Student 95,2005-06-12,M,ST,Unknown,195385,AMBIGUOUS_CASE,Unclear domicile proof. Requires state specific rule.
APP-0096,SYN-ST-0096,POST_MATRIC,PM-2022,2026-2027,NEW_ADMISSION,Synthetic Student 96,2005-06-13,F,ST,Odisha,77154,STATE_DEPENDENCY,Institution empanelment depends on State list.
APP-0097,SYN-ST-0097,POST_MATRIC,PM-2022,2026-2027,NEW_ADMISSION,Synthetic Student 97,2005-06-14,M,ST,Odisha,78058,STATE_DEPENDENCY,Institution empanelment depends on State list.
APP-0098,SYN-ST-0098,POST_MATRIC,PM-2022,2026-2027,NEW_ADMISSION,Synthetic Student 98,2005-06-15,M,ST,Odisha,208552,STATE_DEPENDENCY,Institution empanelment depends on State list.
APP-0099,SYN-ST-0099,POST_MATRIC,PM-2022,2026-2027,NEW_ADMISSION,Synthetic Student 99,2005-06-16,M,ST,Odisha,103371,STATE_DEPENDENCY,Institution empanelment depends on State list.
APP-0100,SYN-ST-0100,POST_MATRIC,PM-2022,2026-2027,NEW_ADMISSION,Synthetic Student 100,2005-06-17,F,ST,Odisha,115829,STATE_DEPENDENCY,Institution empanelment depends on State list.
